<?xml version="1.0" encoding="UTF-8"?>
<odoo>
    <record id="rule_hr_leave_request_own" model="ir.rule">
        <field name="name">Own Leave Requests</field>
        <field name="model_id" ref="model_hr_leave_request"/>
        <field name="domain_force">[('employee_id.user_id', '=', user.id)]</field>
        <field name="groups" eval="[(6, 0, [ref('base.group_user')])]"/>
    </record>

    <record id="rule_hr_leave_request_all" model="ir.rule">
        <field name="name">All Leave Requests</field>
        <field name="model_id" ref="model_hr_leave_request"/>
        <field name="domain_force">[(1, '=', 1)]</field>
        <field name="groups" eval="[(6, 0, [ref('hr.group_hr_manager')])]"/>
    </record>
</odoo>